{
  "A": 25.511482,
  "alpha": 0.47,
  "delta": 0.023,
  "gamma": 0.5553684406510673,
  "g_0": 0.030000000000000027,
  "eta_tau": 1.0,
  "eta_c": 0.5,
  "kappa": 0.3,
  "beta_s": 0.02,
  "beta_tau": 0.01,
  "beta_c": 0.005,
  "theta": 0.00267,
  "phi": 2.0,
  "CO2_0": 424.6041666666667,
  "G_0": 162.62352851683232,
  "E_0": 38.598578
}